Song,MV_Video_Title,MV_View_Count,MV_Like_Count,MV_Comment_Count,MV_Published_At,MV_URL,Other_Video_Title,Other_View_Count,Other_Like_Count,Other_Comment_Count,Other_Published_At,Other_URL
kaleido proud fiesta,UNISON SQUARE GARDEN「kaleido proud fiesta」MV,3191756,34242,1010,2022-04-18,https://www.youtube.com/watch?v=-7zYPOvPABo,「kaleido proud fiesta」from「TOUR 2022『kaleido proud fiesta』at Fuchu no Mori Arts Theater」,462111,8121,320,2023-01-17,https://www.youtube.com/watch?v=fd5GNKFhCoQ
オリオンをなぞる,UNISON SQUARE GARDEN「オリオンをなぞる」MV,11171534,69024,1234,2020-05-14,https://www.youtube.com/watch?v=Lw5o2pSrVbQ,「オリオンをなぞる」from UNISON SQUARE GARDEN 15th Anniversary Live「プログラム15th」at Osaka Maishima 2019.07.27,2540040,22482,834,2019-12-23,https://www.youtube.com/watch?v=K8cQuiqhGdY
君の瞳に恋してない,UNISON SQUARE GARDEN「君の瞳に恋してない」MV,14749233,95206,3584,2018-02-06,https://www.youtube.com/watch?v=OnM6tu5I0uI,未発見,0,0,0,,
Invisible Sensation,未発見,0,0,0,,,UNISON SQUARE GARDEN「Invisible Sensation」MV,2994769,22553,418,2019-07-22,https://www.youtube.com/watch?v=zQi4988_7Qo
傍若のカリスマ,UNISON SQUARE GARDEN「傍若のカリスマ」MV,5178238,38165,1766,2024-10-06,https://www.youtube.com/watch?v=cxK_rMG2uhw,未発見,0,0,0,,
恋する惑星,UNISON SQUARE GARDEN「恋する惑星」MV,1982458,22869,888,2023-03-29,https://www.youtube.com/watch?v=-rsCYSZ5rS4,未発見,0,0,0,,
fake town baby,UNISON SQUARE GARDEN「fake town baby」MV,3066437,37945,1155,2017-11-21,https://www.youtube.com/watch?v=9AGMvhn__XU,未発見,0,0,0,,
カオスが極まる,UNISON SQUARE GARDEN「カオスが極まる」MV,9963165,87561,2081,2022-10-25,https://www.youtube.com/watch?v=ejzfqXA-bYY,"「カオスが極まる」from「TOUR 2023 ""Ninth Peel"" at TOKYO GARDEN THEATER 2023.07.01」",1616231,18097,468,2023-10-24,https://www.youtube.com/watch?v=ixg-bJxY5gY
天国と地獄,UNISON SQUARE GARDEN「天国と地獄」MV,6456891,31081,758,2014-08-03,https://www.youtube.com/watch?v=WIrfel05FMQ,UNISON SQUARE GARDEN「天国と地獄」LIVE MUSIC VIDEO,8163351,41349,1295,2015-07-03,https://www.youtube.com/watch?v=KGdrQkYgNko
シュガーソングとビターステップ,UNISON SQUARE GARDEN「シュガーソングとビターステップ」MV,72261600,374943,5937,2020-05-14,https://www.youtube.com/watch?v=ERLEeGVWYxg,UNISON SQUARE GARDEN「シュガーソングとビターステップ」LIVE MUSIC VIDEO,67427535,343853,14349,2018-01-30,https://www.youtube.com/watch?v=JpCyeo_kNA0
23:25,未発見,0,0,0,,,未発見,0,0,0,,
フライデイノベルス,未発見,0,0,0,,,未発見,0,0,0,,
Phantom Joke,UNISON SQUARE GARDEN「Phantom Joke」MV,5369169,44257,768,2020-05-14,https://www.youtube.com/watch?v=3KGjAw0fGX0,未発見,0,0,0,,
Cheap Cheap Endroll,未発見,0,0,0,,,未発見,0,0,0,,
サイレンインザスパイ,未発見,0,0,0,,,未発見,0,0,0,,
mix juiceのいうとおり,UNISON SQUARE GARDEN「mix juiceのいうとおり」MV,3048908,24617,627,2018-01-10,https://www.youtube.com/watch?v=MnOpUI6p6Jk,「mix juiceのいうとおり」from UNISON SQUARE GARDEN TOUR 2016 Dr.Izzy at Yokosuka Arts Theatre 2016.11.21,4746789,26998,1891,2017-05-04,https://www.youtube.com/watch?v=VKLkeOmxim4
Silent Libre Mirage,未発見,0,0,0,,,UNISON SQUARE GARDEN「Silent Libre Mirage」LIVE MUSIC VIDEO,2379131,17034,880,2018-01-05,https://www.youtube.com/watch?v=nPKl93s2o1M
世界はファンシー,UNISON SQUARE GARDEN「世界はファンシー」MV,3366360,35726,2306,2020-08-22,https://www.youtube.com/watch?v=FHUHKIrUH6Y,「世界はファンシー〜スロウカーヴは打てない(that made me crazy)」from  TOUR 2021-2022 『Patrick Vegee』,1343684,13086,502,2022-06-30,https://www.youtube.com/watch?v=P8dgRcuCbhM
春が来てぼくら,UNISON SQUARE GARDEN「春が来てぼくら」MV,2023269,29156,1400,2018-03-13,https://www.youtube.com/watch?v=vrd95QQe6Gc,「春が来てぼくら」from「TOUR 2022『fiesta in chaos』at AOMORI Quarter 2022.11.11」,510279,7980,273,2023-04-18,https://www.youtube.com/watch?v=rEpXhN89wIM
サンタクロースは渋滞中,未発見,0,0,0,,,未発見,0,0,0,,
オトノバ中間試験,未発見,0,0,0,,,未発見,0,0,0,,
3 minutes replay,未発見,0,0,0,,,未発見,0,0,0,,
"kid, I like quartet",未発見,0,0,0,,,未発見,0,0,0,,
アトラクションがはじまる（they call it “NO.6”）,"UNISON SQUARE GARDEN「アトラクションがはじまる（they call it ""NO.6""）  」MV",699417,7837,273,2018-01-10,https://www.youtube.com/watch?v=S5XY-U1BpmA,「アトラクションがはじまる(they call it “NO.6”) 」from  TOUR 2021「Normal」at KT Zepp Yokohama 2021.03.02,583446,7291,371,2021-06-10,https://www.youtube.com/watch?v=Ky67uL397js
like coffeeのおまじない,未発見,0,0,0,,,未発見,0,0,0,,
City peel,未発見,0,0,0,,,未発見,0,0,0,,
憂鬱はプリンセス,未発見,0,0,0,,,未発見,0,0,0,,
WINDOW開ける,未発見,0,0,0,,,未発見,0,0,0,,
harmonized finale,UNISON SQUARE GARDEN「harmonized finale」MV,1936089,13801,443,2016-06-30,https://www.youtube.com/watch?v=h8lAl9kejYU,UNISON SQUARE GARDEN「harmonized finale」スポット映像,74650,850,12,2014-01-28,https://www.youtube.com/watch?v=cUUKf_w9wbY
Instrumental Jam,未発見,0,0,0,,,未発見,0,0,0,,
Simple Simple Anecdote,未発見,0,0,0,,,未発見,0,0,0,,
シャンデリア・ワルツ,未発見,0,0,0,,,"「シャンデリア・ワルツ」from UNISON SQUARE GARDEN LIVE SPECIAL ""fun time 724"" at Nippon Budokan 2015.7.24",6047264,26991,1462,2016-01-20,https://www.youtube.com/watch?v=ruwn5TqX87s
放課後マリアージュ,未発見,0,0,0,,,未発見,0,0,0,,
場違いハミングバード,未発見,0,0,0,,,未発見,0,0,0,,
何かが変わりそう,未発見,0,0,0,,,未発見,0,0,0,,
センチメンタルピリオド,未発見,0,0,0,,,未発見,0,0,0,,
プログラムcontinued,UNISON SQUARE GARDEN「プログラムcontinued(15th style)」Music Video,1360504,12214,589,2019-07-10,https://www.youtube.com/watch?v=e9mkPCO1rxk,未発見,0,0,0,,
to the CIDER ROAD,未発見,0,0,0,,,未発見,0,0,0,,
ため息 shooting the MOON,未発見,0,0,0,,,未発見,0,0,0,,
桜のあと (all quartets lead to the?),UNISON SQUARE GARDEN「桜のあと (all quartets lead to the?)」MV,4861520,33318,793,2019-07-22,https://www.youtube.com/watch?v=nNf_zW-tTrg,「Dizzy Trickster～桜のあと（all quartets lead to the?）」from UNISON SQUARE GARDEN TOUR 2018 MODE MOOD MODE,4141293,32853,2219,2018-12-24,https://www.youtube.com/watch?v=9zluQwPBMWM
セレナーデが止まらない,未発見,0,0,0,,,未発見,0,0,0,,
アンチ・トレンディ・クラブ,未発見,0,0,0,,,未発見,0,0,0,,
パンデミックサドンデス,UNISON SQUARE GARDEN「パンデミックサドンデス」MV,451735,4921,114,2019-07-22,https://www.youtube.com/watch?v=HPqaZGmqk2w,未発見,0,0,0,,
静謐甘美秋暮抒情,未発見,0,0,0,,,未発見,0,0,0,,
さわれない歌,未発見,0,0,0,,,未発見,0,0,0,,
徹頭徹尾夜な夜なドライブ,未発見,0,0,0,,,「徹頭徹尾夜な夜なドライブ」from UNISON SQUARE GARDEN 15th Anniversary Live「プログラム15th」at Osaka Maishima 2019.07.27,2385684,21413,787,2019-12-23,https://www.youtube.com/watch?v=Gpt9IXmUT8g
ガリレオのショーケース,未発見,0,0,0,,,未発見,0,0,0,,
カラクリカルカレ,未発見,0,0,0,,,未発見,0,0,0,,
フルカラープログラム,未発見,0,0,0,,,"フルカラープログラム from UNISON SQUARE GARDEN 20th Anniversary LIVE""オーケストラを観にいこう""2024.07.25 at Nippon Budokan",510844,9596,787,2025-03-14,https://www.youtube.com/watch?v=C8XAd7tdwnU
サンポサキマイライフ,未発見,0,0,0,,,未発見,0,0,0,,
箱庭ロック・ショー,未発見,0,0,0,,,未発見,0,0,0,,
Numbness like a ginger,UNISON SQUARE GARDEN「Numbness like a ginger」MV,2386271,26327,1030,2023-01-21,https://www.youtube.com/watch?v=jYqZVpM1EJU,未発見,0,0,0,,
"Catch up, latency",未発見,0,0,0,,,"UNISON SQUARE GARDEN「Catch up, latency」MV",1371561,27229,1869,2018-11-13,https://www.youtube.com/watch?v=2EtybhJbC-4
"10% roll, 10% romance","UNISON SQUARE GARDEN「10% roll, 10% romance」MV",2959191,21349,464,2020-05-14,https://www.youtube.com/watch?v=4yQN8Dt0nWQ,未発見,0,0,0,,
リニアブルーを聴きながら,UNISON SQUARE GARDEN 「リニアブルーを聴きながら」MV,2139405,14339,339,2016-06-30,https://www.youtube.com/watch?v=vAOBQtKyqW8,未発見,0,0,0,,
いけないfool logic,UNISON SQUARE GARDEN「いけないfool logic」MV,2306339,26554,863,2023-10-02,https://www.youtube.com/watch?v=gtyP2BzDlLs,未発見,0,0,0,,
スカースデイル,未発見,0,0,0,,,未発見,0,0,0,,
流星のスコール,UNISON SQUARE GARDEN「流星のスコール」MV,622191,5810,171,2016-06-30,https://www.youtube.com/watch?v=LlYwKcKNPhs,未発見,0,0,0,,
Nihil Pip Viper,未発見,0,0,0,,,未発見,0,0,0,,
アナザーワールド,未発見,0,0,0,,,未発見,0,0,0,,
MR.アンディ,未発見,0,0,0,,,UNISON SQUARE GARDEN「MR. アンディ」from「20th BEST MACHINE」at Utsunomiya city Cultural Hall 2024.10.01,324660,5770,295,2025-06-27,https://www.youtube.com/watch?v=B009Nj-DzPU
crazy birthday,未発見,0,0,0,,,未発見,0,0,0,,
スペースシャトル・ララバイ,未発見,0,0,0,,,未発見,0,0,0,,
mouth to mouse(sent you),未発見,0,0,0,,,未発見,0,0,0,,
月と天秤,未発見,0,0,0,,,未発見,0,0,0,,
さよなら第九惑星,未発見,0,0,0,,,未発見,0,0,0,,
Dance Party,未発見,0,0,0,,,未発見,0,0,0,,
糸,未発見,0,0,0,,,未発見,0,0,0,,
ドラムソロ,未発見,0,0,0,,,未発見,0,0,0,,
アンドロメダ,未発見,0,0,0,,,未発見,0,0,0,,
君はともだち,未発見,0,0,0,,,未発見,0,0,0,,
キーボードソロ,未発見,0,0,0,,,未発見,0,0,0,,
Dizzy Trickster,未発見,0,0,0,,,「Dizzy Trickster～桜のあと（all quartets lead to the?）」from UNISON SQUARE GARDEN TOUR 2018 MODE MOOD MODE,4141293,32853,2219,2018-12-24,https://www.youtube.com/watch?v=9zluQwPBMWM
Hatch I need,未発見,0,0,0,,,未発見,0,0,0,,
マーメイドスキャンダラス,未発見,0,0,0,,,未発見,0,0,0,,
もう君に会えない,未発見,0,0,0,,,未発見,0,0,0,,
いつかの少年,未発見,0,0,0,,,未発見,0,0,0,,
101回目のプロローグ,未発見,0,0,0,,,未発見,0,0,0,,
スロウカーヴは打てない (that made me crazy),未発見,0,0,0,,,「世界はファンシー〜スロウカーヴは打てない(that made me crazy)」from  TOUR 2021-2022 『Patrick Vegee』,1343684,13086,502,2022-06-30,https://www.youtube.com/watch?v=P8dgRcuCbhM
ドラムソロ & JAM,未発見,0,0,0,,,未発見,0,0,0,,
over driver,未発見,0,0,0,,,「over driver〜ピストルギャラクシー」from 「Bee-side Sea-side U-side」 at Zepp Tokyo 2019.10.16,1088944,9477,620,2020-06-09,https://www.youtube.com/watch?v=ysESQ1Ci110
マスターボリューム,未発見,0,0,0,,,未発見,0,0,0,,
RIDE ON TIME,未発見,0,0,0,,,未発見,0,0,0,,
メッセンジャーフロム全世界,未発見,0,0,0,,,未発見,0,0,0,,
"マジョリティ・リポート (darling, I love you)",未発見,0,0,0,,,未発見,0,0,0,,
クローバー,未発見,0,0,0,,,未発見,0,0,0,,
フィクションフリーククライシス,未発見,0,0,0,,,未発見,0,0,0,,
エアリアルエイリアン,未発見,0,0,0,,,未発見,0,0,0,,
未完成デイジー,未発見,0,0,0,,,未発見,0,0,0,,
RUNNERS HIGH REPRISE,未発見,0,0,0,,,未発見,0,0,0,,
シューゲイザースピーカー,未発見,0,0,0,,,未発見,0,0,0,,
ノンフィクションコンパス,未発見,0,0,0,,,「ノンフィクションコンパス」from  「Bee-side Sea-side U-side」at Zepp Tokyo 2019.10.16,1116478,10328,637,2020-06-23,https://www.youtube.com/watch?v=E4sq2rBnmpE
三月物語,未発見,0,0,0,,,未発見,0,0,0,,
ワールドワイド・スーパーガール,未発見,0,0,0,,,未発見,0,0,0,,
ミレニアムハッピー・チェーンソーエッヂ,未発見,0,0,0,,,未発見,0,0,0,,
Own Civilization (nano-mile met),未発見,0,0,0,,,未発見,0,0,0,,
フレーズボトル・バイバイ,未発見,0,0,0,,,未発見,0,0,0,,
絵の具,未発見,0,0,0,,,未発見,0,0,0,,
蒙昧termination,未発見,0,0,0,,,未発見,0,0,0,,
水と雨について,未発見,0,0,0,,,未発見,0,0,0,,
デイライ協奏楽団,未発見,0,0,0,,,未発見,0,0,0,,
星追い達の祈り,未発見,0,0,0,,,未発見,0,0,0,,
5分後のスターダスト,未発見,0,0,0,,,UNISON SQUARE GARDEN「5分後のスターダスト」 from 「Bee side Sea side 0」 at 新木場STUDIO COAST 2019.04.25,1184778,12576,787,2019-06-17,https://www.youtube.com/watch?v=vztCV2vPQq4
サーチライト,未発見,0,0,0,,,未発見,0,0,0,,
ライトフライト,未発見,0,0,0,,,未発見,0,0,0,,
Miss.サンディ,未発見,0,0,0,,,未発見,0,0,0,,
黄昏インザスパイ,未発見,0,0,0,,,未発見,0,0,0,,
流れ星を撃ち落せ,未発見,0,0,0,,,未発見,0,0,0,,
君が大人になってしまう前に,未発見,0,0,0,,,未発見,0,0,0,,
メカトル時空探検隊,未発見,0,0,0,,,未発見,0,0,0,,
instant EGOIST,未発見,0,0,0,,,未発見,0,0,0,,
あまりに写実的な,未発見,0,0,0,,,未発見,0,0,0,,
シグナルABC,未発見,0,0,0,,,シグナルABC from UNISON SQUARE GARDEN TOUR 2025-2026「うるわしの前の晩」at TOYOTA ARENA TOKYO 2026.02.10,125963,5298,454,2026-06-20,https://www.youtube.com/watch?v=CIgOCaYyi9A
オトナブルー,未発見,0,0,0,,,未発見,0,0,0,,
それじゃあバイバイ,未発見,0,0,0,,,未発見,0,0,0,,
強風オールバック,未発見,0,0,0,,,未発見,0,0,0,,
スノウリバース,未発見,0,0,0,,,未発見,0,0,0,,
ナノサイズスカイウォーク,未発見,0,0,0,,,未発見,0,0,0,,
Micro Paradiso!,未発見,0,0,0,,,UNISON SQUARE GARDEN「Micro Paradiso!」STUDIO LIVE,2394805,30340,1054,2019-06-10,https://www.youtube.com/watch?v=SBe4mPXXMOo
I wanna believe、夜を行く,未発見,0,0,0,,,未発見,0,0,0,,
BUSTER DICE MISERY,未発見,0,0,0,,,未発見,0,0,0,,
ここで会ったがけもの道,未発見,0,0,0,,,未発見,0,0,0,,
きみのもとへ,未発見,0,0,0,,,未発見,0,0,0,,
夏影テールライト,UNISON SQUARE GARDEN「夏影テールライト」MV,2134534,23649,1213,2020-09-28,https://www.youtube.com/watch?v=KO2y0Yr7tAY,未発見,0,0,0,,
夢が覚めたら(at that river),未発見,0,0,0,,,未発見,0,0,0,,
MIDNIGHT JUNGLE,未発見,0,0,0,,,未発見,0,0,0,,
お人好しカメレオン,未発見,0,0,0,,,未発見,0,0,0,,
チャイルドフッド・スーパーノヴァ,未発見,0,0,0,,,未発見,0,0,0,,
摂食ビジランテ,未発見,0,0,0,,,未発見,0,0,0,,
等身大の地球,未発見,0,0,0,,,未発見,0,0,0,,
cody beats,未発見,0,0,0,,,"「cody beats」from「Revival Tour ""Spring Spring Spring"" at TOKYO GARDEN THEATER 2021.05.20」",476005,6273,347,2021-10-05,https://www.youtube.com/watch?v=6eQQ4jAsXC8
8月、昼中の流れ星と飛行機雲,未発見,0,0,0,,,未発見,0,0,0,,
ラディアルナイトチェイサー,未発見,0,0,0,,,未発見,0,0,0,,
"マイノリティ・レポート(darling, I love you)",未発見,0,0,0,,,未発見,0,0,0,,
CAPACITY超える,未発見,0,0,0,,,未発見,0,0,0,,
弥生町ロンリープラネット,未発見,0,0,0,,,未発見,0,0,0,,
Introduction,未発見,0,0,0,,,未発見,0,0,0,,
夜が揺れている,未発見,0,0,0,,,未発見,0,0,0,,
オーケストラを観にいこう,未発見,0,0,0,,,"フルカラープログラム from UNISON SQUARE GARDEN 20th Anniversary LIVE""オーケストラを観にいこう""2024.07.25 at Nippon Budokan",510844,9596,787,2025-03-14,https://www.youtube.com/watch?v=C8XAd7tdwnU
ラブソングは突然に？ ～What is the name of that mystery??～,未発見,0,0,0,,,UNISON SQUARE GARDEN「ラブソングは突然に～What is the name of that mystery?～」 at 新木場STUDIO COAST 2019.04.25,1677900,13482,702,2019-07-01,https://www.youtube.com/watch?v=wnYttk2Jt3E
カウンターアイデンティティ,未発見,0,0,0,,,未発見,0,0,0,,
光のどけき春の日に,未発見,0,0,0,,,未発見,0,0,0,,
クロスハート1号線 (Advantage in a long time),未発見,0,0,0,,,未発見,0,0,0,,
流星行路,未発見,0,0,0,,,未発見,0,0,0,,
セク×カラ×シソンズール,未発見,0,0,0,,,未発見,0,0,0,,
さよならサマータイムマシン,UNISON SQUARE GARDEN「さよならサマータイムマシン」MV,512192,5766,209,2019-07-22,https://www.youtube.com/watch?v=JPJG-uTno4E,未発見,0,0,0,,
overture ~Spring Spring Spring~,未発見,0,0,0,,,未発見,0,0,0,,
プロトラクト・カウントダウン,未発見,0,0,0,,,未発見,0,0,0,,
空の飛び方,未発見,0,0,0,,,未発見,0,0,0,,
誰かが忘れているかもしれない僕らに大事な001のこと,未発見,0,0,0,,,未発見,0,0,0,,
メドレー (RIDE ON TIME～等),未発見,0,0,0,,,未発見,0,0,0,,
シュプレヒコール ～世界が終わる前に～,未発見,0,0,0,,,未発見,0,0,0,,
アイラブニユー,未発見,0,0,0,,,未発見,0,0,0,,
meet the world time,未発見,0,0,0,,,未発見,0,0,0,,
コーヒーカップ・シンドローム,未発見,0,0,0,,,未発見,0,0,0,,
キライ＝キライ,未発見,0,0,0,,,未発見,0,0,0,,
ぼくたちのしっぱい,未発見,0,0,0,,,未発見,0,0,0,,
インタビュー,未発見,0,0,0,,,未発見,0,0,0,,
MC / トークコーナー,未発見,0,0,0,,,未発見,0,0,0,,
ピストルギャラクシー,未発見,0,0,0,,,「over driver〜ピストルギャラクシー」from 「Bee-side Sea-side U-side」 at Zepp Tokyo 2019.10.16,1088944,9477,620,2020-06-09,https://www.youtube.com/watch?v=ysESQ1Ci110
リトルタイムストップ,未発見,0,0,0,,,未発見,0,0,0,,
flat song,未発見,0,0,0,,,未発見,0,0,0,,
三日月の夜の真ん中,未発見,0,0,0,,,未発見,0,0,0,,
ギャクテンサヨナラ,未発見,0,0,0,,,未発見,0,0,0,,
僕は君になりたい,未発見,0,0,0,,,UNISON SQUARE GARDEN「僕は君になりたい」from 「Bee side Sea side 0」 at 新木場STUDIO COAST 2019.04.25,847086,9769,666,2019-06-24,https://www.youtube.com/watch?v=7mW7eEgFwRc
スノウループ,未発見,0,0,0,,,未発見,0,0,0,,
たらればわたがし,未発見,0,0,0,,,未発見,0,0,0,,
きみはいい子,未発見,0,0,0,,,未発見,0,0,0,,
UNOストーリー,未発見,0,0,0,,,未発見,0,0,0,,
サイボーグ99%,未発見,0,0,0,,,未発見,0,0,0,,
かくれんぼ,未発見,0,0,0,,,未発見,0,0,0,,
5%,未発見,0,0,0,,,未発見,0,0,0,,
しおり,未発見,0,0,0,,,未発見,0,0,0,,
Diver's High,未発見,0,0,0,,,未発見,0,0,0,,
Snatchaway,未発見,0,0,0,,,未発見,0,0,0,,
新しい光,未発見,0,0,0,,,未発見,0,0,0,,
Black Market Blues,未発見,0,0,0,,,未発見,0,0,0,,
SHORT CUTTER!,未発見,0,0,0,,,未発見,0,0,0,,
S.S,未発見,0,0,0,,,未発見,0,0,0,,
シガル,未発見,0,0,0,,,未発見,0,0,0,,
涙がこぼれたら,未発見,0,0,0,,,未発見,0,0,0,,
RUNNERS HIGH,未発見,0,0,0,,,未発見,0,0,0,,
Paradise Has No Border,未発見,0,0,0,,,未発見,0,0,0,,
愛があるかい？,未発見,0,0,0,,,未発見,0,0,0,,
Rising Hope,未発見,0,0,0,,,未発見,0,0,0,,
一人思うは雨の中,未発見,0,0,0,,,未発見,0,0,0,,
東京シナリオ,未発見,0,0,0,,,未発見,0,0,0,,
僕らのその先,未発見,0,0,0,,,未発見,0,0,0,,
スノウアンサー,未発見,0,0,0,,,未発見,0,0,0,,
カウントダウン,未発見,0,0,0,,,未発見,0,0,0,,
Fool on the planet,未発見,0,0,0,,,未発見,0,0,0,,
HANABI,未発見,0,0,0,,,未発見,0,0,0,,
1/6の夢旅人2002,未発見,0,0,0,,,未発見,0,0,0,,
Why I'm Me,未発見,0,0,0,,,未発見,0,0,0,,
夕凪アンサンブル,未発見,0,0,0,,,未発見,0,0,0,,
流星前夜,未発見,0,0,0,,,未発見,0,0,0,,
気まぐれ雑踏,未発見,0,0,0,,,未発見,0,0,0,,
Stay Mellow,未発見,0,0,0,,,未発見,0,0,0,,
bad music disco,未発見,0,0,0,,,未発見,0,0,0,,
マカロニ,未発見,0,0,0,,,未発見,0,0,0,,
透明人間,未発見,0,0,0,,,未発見,0,0,0,,
First Love,未発見,0,0,0,,,未発見,0,0,0,,
2月、白昼の流れ星と飛行機雲,未発見,0,0,0,,,未発見,0,0,0,,
アイラブニージュー,未発見,0,0,0,,,未発見,0,0,0,,
愛はきっと,未発見,0,0,0,,,未発見,0,0,0,,
情熱サティスファクション,未発見,0,0,0,,,未発見,0,0,0,,
Alone,未発見,0,0,0,,,未発見,0,0,0,,
真夏の光線、少年時代の面影,未発見,0,0,0,,,未発見,0,0,0,,
TOKYO,未発見,0,0,0,,,シグナルABC from UNISON SQUARE GARDEN TOUR 2025-2026「うるわしの前の晩」at TOYOTA ARENA TOKYO 2026.02.10,125963,5298,454,2026-06-20,https://www.youtube.com/watch?v=CIgOCaYyi9A
FISH INN,未発見,0,0,0,,,未発見,0,0,0,,
