Song,MB_Track_Name,Duration_sec,First_Release_Date,Album_Name,Primary_Type,ISRC,MBID
kaleido proud fiesta,kaleido proud fiesta,221.7,2022-04-13,"SUB MACHINE, BEST MACHINE (Best Selected Edition)",Album,JPTF02204301,cff9da5b-3522-4ac2-8458-9e0d1ce1a1ab
オリオンをなぞる,オリオンをなぞる,268.0,2017-08-09,"10% roll, 10% romance",Single,JPTF01709406,4b6ce3a1-7d6c-481c-b7f0-81ad7a8e4294
君の瞳に恋してない,君の瞳に恋してない,253.0,2018-01-24,UNISON SQUARE GARDEN The 1st Collection for streaming,Album,JPTF01720808,ceab492e-7f15-405e-a792-e9aabd586860
Invisible Sensation,Invisible Sensation,251.0,2019-10-11,Phantom Joke,Single,JPTF01913803,fe04997f-8e0d-473b-881c-b9af0d188c18
傍若のカリスマ,傍若のカリスマ,265.0,2024-10-02,傍若のカリスマ,Single,JPTF02426701,51003d1e-3a2d-4298-be6c-e33ccade3051
恋する惑星,恋する惑星,230.1,2023-04-12,Ninth Peel,Album,JPTF02305202,ed1f7b4c-0917-4b98-bf04-f3057d2555ab
fake town baby,fake town baby,270.0,2018-11-07,"Catch up, latency",Single,JPTF01817907,7317a814-dda7-4fd9-a7d0-8097e492055f
カオスが極まる,カオスが極まる,230.6,2022-10-19,Ninth Peel,Album,JPTF02222001,acb37aec-b2db-42fb-9cef-657120b824db
天国と地獄,天国と地獄,232.0,2017-11-15,fake town baby,Single,JPTF01714409,a496ae22-0458-41ca-9f59-eda85bb4ced4
シュガーソングとビターステップ,シュガーソングとビターステップ,282.0,2016-07-06,Dr.Izzy,Album,JPTF01608008,12c5a9be-2f6c-4621-b8f4-0f75afe846bd
23:25,23:25,304.1,2025-03-26,"20th Anniversary LIVE ""ROCK BAND is fun"" 2024.07.24 / ""オーケストラを観にいこう"" 2024.07.25 at Nippon Budokan",Other,なし,ef0514aa-f77f-4155-8051-e5bd7d82b324
フライデイノベルス,フライデイノベルス,194.1,2016-07-06,Dr.Izzy,Album,JPTF01607809,dd5bef82-de34-4d02-84ea-5560002aa790
Phantom Joke,Phantom Joke,242.5,2019-10-11,UNISON SQUARE GARDEN The 1st Collection for streaming,Album,JPTF01913701,16b0ad65-a196-41e4-a1c2-5b0a980591bd
Cheap Cheap Endroll,Cheap Cheap Endroll,134.9,2016-07-06,Dr.Izzy,Album,JPTF01607811,8377d0ae-c302-4ee3-accc-4433c55a7046
サイレンインザスパイ,サイレンインザスパイ,174.1,2014-08-27,Catcher In The Spy,Album,JPTF01410201,269fdeb1-f239-439c-b7e7-d706d937660f
mix juiceのいうとおり,mix juiceのいうとおり,289.2,2016-07-06,UNISON SQUARE GARDEN The 1st Collection for streaming,Album,JPTF01607810,5352c096-c6be-4b4b-9621-3f90ba309726
Silent Libre Mirage,Silent Libre Mirage,232.2,2017-02-05,UNISON SQUARE GARDEN The 1st Collection for streaming,Album,JPTF01700101,381e214c-ff92-4006-bb3e-6ec4e0fb2630
世界はファンシー,世界はファンシー,204.3,2020-09-30,Patrick Vegee,Album,JPTF02011106,f43c17cb-61d1-4498-a034-666e722ef3d4
春が来てぼくら,春が来てぼくら,284.0,2018-03-07,Patrick Vegee,Album,JPTF01802301,87352089-efa2-477e-bf50-2e257b5a5141
サンタクロースは渋滞中,サンタクロースは渋滞中,168.0,2017-11-08,Bee side Sea side 〜B‐Side Collection Album〜,Album,JPTF01714103,95b4824f-ed36-4d4d-8f15-f2fb08765347
オトノバ中間試験,オトノバ中間試験,286.0,2016-07-06,Dr.Izzy,Album,JPTF01607907,27f10be5-619d-4f88-beac-8eabe64db0ba
3 minutes replay,3 minutes replay,180.5,2011-07-06,Populus Populus,Album,JPTF01103601,baea741c-9214-4a4d-91e8-5d351598d3b4
"kid, I like quartet","kid, I like quartet",275.5,2011-07-06,Populus Populus,Album,JPTF01103602,5ac6a4ef-4875-4efc-8bd4-cbcd720e3a61
アトラクションがはじまる（they call it “NO.6”）,アトラクションがはじまる(they call it “NO.6”),239.0,2022-10-19,カオスが極まる,Single,なし,d8452098-6a63-4763-811c-decf7edea5e3
like coffeeのおまじない,like coffeeのおまじない,234.0,2013-02-06,CIDER ROAD,Album,JPTF01219503,cb75f6f0-28cc-4ac0-85d2-13c308075a9e
City peel,City peel,252.0,2023-04-12,Ninth Peel,Album,JPTF02305204,1a9e3a90-619d-4c2c-b6d8-67fdec05fbc9
憂鬱はプリンセス,憂鬱はプリンセス,189.0,2024-10-02,傍若のカリスマ,Single,JPTF02426702,6de9a2fc-0849-4bce-a906-cfc29101f1ef
WINDOW開ける,WINDOW開ける,279.9,2009-04-15,UNISON SQUARE GARDEN,Album,JPTF00900606,be09cbb5-6f01-4eb3-a142-866ce27a57a8
harmonized finale,harmonized finale,315.2,2014-02-05,UNISON SQUARE GARDEN The 1st Collection for streaming,Album,JPTF01319301,d0ed09b3-a1f0-4661-acf0-0994b56f0680
Instrumental Jam,未発見,不明,不明,不明,不明,なし,
Simple Simple Anecdote,Simple Simple Anecdote,134.5,2020-09-30,Patrick Vegee,Album,JPTF02011108,da7871d4-917b-44b3-8e3d-09172751bc70
シャンデリア・ワルツ,シャンデリア・ワルツ,396.6,2025-03-26,"20th Anniversary LIVE ""ROCK BAND is fun"" 2024.07.24 / ""オーケストラを観にいこう"" 2024.07.25 at Nippon Budokan",Other,なし,79fb9c49-98b9-44eb-815f-89e61a67a0a6
放課後マリアージュ,放課後マリアージュ,211.0,2022-10-19,カオスが極まる,Single,JPTF02222002,b1fb16d6-9ab7-4155-8ef5-c0cce1944974
場違いハミングバード,場違いハミングバード,297.9,2014-08-27,Catcher In The Spy,Album,JPTF01410312,07138092-4a8a-49dc-b1c1-2b7cf260a8a6
何かが変わりそう,何かが変わりそう,250.2,2014-08-27,Catcher In The Spy,Album,JPTF01410207,e74d8e3a-b14e-40cc-9f80-95fb4238b38e
センチメンタルピリオド,センチメンタルピリオド,253.0,2008-07-23,UNISON SQUARE GARDEN The 1st Collection for streaming,Album,JPTF00803201,edac2ffb-a392-410e-ad37-b12dd1181024
プログラムcontinued,プログラムcontinued,299.2,2015-07-22,DUGOUT ACCIDENT,Album,JPTF01510913,370f4830-ab72-42a2-bab2-f1fc5e898ce4
to the CIDER ROAD,to the CIDER ROAD,266.3,2025-03-26,"20th Anniversary LIVE ""ROCK BAND is fun"" 2024.07.24 / ""オーケストラを観にいこう"" 2024.07.25 at Nippon Budokan",Other,なし,6ccff587-b951-4279-a501-bb10d9335971
ため息 shooting the MOON,ため息 shooting the MOON,240.0,2013-02-06,CIDER ROAD,Album,JPTF01219502,069ef29e-d72c-4deb-8441-f146cae6cff0
桜のあと (all quartets lead to the?),桜のあと (all quartets lead to the?),286.1,2013-11-06,UNISON SQUARE GARDEN The 1st Collection for streaming,Album,JPTF01312901,7060ef1f-cde4-4626-9a3f-48e394685c93
セレナーデが止まらない,セレナーデが止まらない,257.0,2013-02-06,CIDER ROAD,Album,JPTF01219507,68c42385-5449-4bf0-b6b9-e20f5ae6966d
アンチ・トレンディ・クラブ,アンチ・トレンディ・クラブ,215.8,2023-04-12,Ninth Peel,Album,JPTF02305208,5337a258-f5ff-458d-bab7-9dd756537a8a
パンデミックサドンデス,パンデミックサドンデス,276.0,2018-11-07,"Catch up, latency",Single,JPTF01818003,eaa8cd57-3c8a-48a1-b8d2-d7bf86e77684
静謐甘美秋暮抒情,静謐甘美秋暮抒情,243.0,2018-01-24,MODE MOOD MODE,Album,JPTF01720804,56ad1046-6341-4f0a-89a9-2e1be429ea50
さわれない歌,さわれない歌,344.0,2016-07-06,Dr.Izzy,Album,JPTF01607901,2ffe66b7-3387-4d9a-9a3b-e58e1ff2bcae
徹頭徹尾夜な夜なドライブ,徹頭徹尾夜な夜なドライブ,276.0,2018-11-07,"Catch up, latency",Single,JPTF01818902,c2df2062-b07f-4b0d-bff7-37f6cd80319d
ガリレオのショーケース,ガリレオのショーケース,262.0,2008-07-23,Sentimental Period,Single,JPTF00803203,7c4a6bdb-e769-432a-b0de-dd2b45400e19
カラクリカルカレ,カラクリカルカレ,200.2,2011-05-11,オリオンをなぞる,Single,JPTF01102905,f41cde9c-4ac2-4879-a14e-9c14e543f8e5
フルカラープログラム,フルカラープログラム,254.0,2017-08-09,"10% roll, 10% romance",Single,JPTF01709409,4a16a022-ac56-471b-95db-12073e2232cc
サンポサキマイライフ,サンポサキマイライフ,300.0,2018-11-07,"Catch up, latency",Single,JPTF01817901,080ae5d7-e3f6-4ab3-95fc-4210e22e8600
箱庭ロック・ショー,箱庭ロック・ショー,269.0,2016-07-06,Dr.Izzy,Album,JPTF01608012,8fdc7fe6-99fe-43cd-a74b-b1b1920682f1
Numbness like a ginger,Numbness like a ginger,214.5,2023-04-12,Ninth Peel,Album,JPTF02305206,a829075f-b3b2-4f77-b718-c48286cd1f59
"Catch up, latency","Catch up, latency",277.0,2019-10-11,Phantom Joke,Single,JPTF01913902,415296bc-e689-4c7f-ba23-e6f1a1e68942
"10% roll, 10% romance","10% roll, 10% romance",276.0,2017-11-15,fake town baby,Single,JPTF01714403,4654f066-eabf-426a-99ba-2bf79b6e6367
リニアブルーを聴きながら,リニアブルーを聴きながら,297.5,2012-09-19,UNISON SQUARE GARDEN The 1st Collection for streaming,Album,JPTF01212901,34aaf0dd-4771-4ddf-a518-87084f7fc32b
いけないfool logic,いけないfool logic,255.0,2023-09-27,"SUB MACHINE, BEST MACHINE (Best Selected Edition)",Album,JPTF02318901,dc075f6c-11bf-469d-a8ad-8b68effa5e49
スカースデイル,スカースデイル,248.4,2010-11-24,Populus Populus,Album,JPTF01008201,0eff88bf-4751-4628-bcf9-b4f1d9695a3d
流星のスコール,流星のスコール,313.0,2013-02-06,UNISON SQUARE GARDEN The 1st Collection for streaming,Album,JPTF01209301,97815218-75e4-457f-bc3e-59bf378f7a3a
Nihil Pip Viper,Nihil Pip Viper,286.0,2022-10-19,カオスが極まる,Single,なし,26541e32-6357-4bdb-b4db-666db9be194c
アナザーワールド,アナザーワールド,418.0,2008-01-16,新世界ノート,EP,JPB450701157,d64d27d4-68cd-494b-aec0-927eb5b1b171
MR.アンディ,MR.アンディ,319.0,2018-11-07,"Catch up, latency",Single,JPTF01817904,180db424-015c-414e-9036-3e0db597fece
crazy birthday,crazy birthday,210.0,2013-02-06,CIDER ROAD,Album,JPTF01219509,cef967d7-b60e-4aed-ba39-6201b7eeb748
スペースシャトル・ララバイ,スペースシャトル・ララバイ,226.2,2023-04-12,Ninth Peel,Album,JPTF02305201,289474aa-54ac-4c8d-9c25-a3dd802dea8c
mouth to mouse(sent you),mouth to mouse(sent you),235.0,2019-10-11,Phantom Joke,Single,JPTF01913703,9e0afdd9-b039-42ad-b452-3c91e3b16e7d
月と天秤,月と天秤,264.4,2024-07-24,"SUB MACHINE, BEST MACHINE",Album,JPTF02415309,071d18ac-6ee5-4ce8-a276-8b064d71ce99
さよなら第九惑星,さよなら第九惑星,254.1,2025-03-26,"20th Anniversary LIVE ""ROCK BAND is fun"" 2024.07.24 / ""オーケストラを観にいこう"" 2024.07.25 at Nippon Budokan",Other,なし,3ad49b2a-b26a-4dbd-81aa-fbb4fab04952
Dance Party,未発見,不明,不明,不明,不明,なし,
糸,未発見,不明,不明,不明,不明,なし,
ドラムソロ,ドラムソロ,214.0,2016-07-06,Dr.Izzy,Album,JPTF01608006,4eac5d3e-c5cb-42ff-9897-123a3c2cde47
アンドロメダ,アンドロメダ,173.6,2015-07-22,DUGOUT ACCIDENT,Album,JPTF01510901,67e46590-cffb-486f-b030-6f808cb55c96
君はともだち,君はともだち,367.0,2013-02-06,CIDER ROAD,Album,JPTF01219510,4afcf1ae-18be-40a5-9c84-7742aa41a214
キーボードソロ,未発見,不明,不明,不明,不明,なし,
Dizzy Trickster,Dizzy Trickster,263.0,2018-01-24,MODE MOOD MODE,Album,JPTF01720802,6848bda3-3846-4ef4-a308-5f40811b2513
Hatch I need,Hatch I need,138.3,2020-09-30,Patrick Vegee,Album,JPTF02011101,99a1dbab-59e6-4f89-9050-67aa58e3da88
マーメイドスキャンダラス,マーメイドスキャンダラス,194.9,2020-09-30,Patrick Vegee,Album,JPTF02011102,9616fc11-dad8-4f8a-8983-d229a49a0dd7
もう君に会えない,もう君に会えない,232.9,2023-04-12,Ninth Peel,Album,JPTF02305207,676cea5e-7128-4dad-844f-47955fa4195b
いつかの少年,いつかの少年,393.6,2009-04-15,UNISON SQUARE GARDEN,Album,JPTF00900607,83558f02-c883-4161-8f89-de5b608a7708
101回目のプロローグ,101回目のプロローグ,338.4,2020-09-30,Patrick Vegee,Album,JPTF02011109,2647a5e9-fb3b-469b-80f6-130f20218abf
スロウカーヴは打てない (that made me crazy),スロウカーヴは打てない (that made me crazy),231.7,2020-09-30,Patrick Vegee,Album,JPTF02011103,6e34a210-c3e1-447f-9c2d-748f1377177e
ドラムソロ & JAM,未発見,不明,不明,不明,不明,なし,
over driver,over driver,209.9,2011-05-11,オリオンをなぞる,Single,JPTF01102904,cdedd28d-b78d-4301-919b-b664d0dfb5cd
マスターボリューム,マスターボリューム,198.2,2014-08-27,Catcher In The Spy,Album,JPTF01410307,aa698a29-65be-4c7a-ab69-8d360466af49
RIDE ON TIME,未発見,不明,不明,不明,不明,なし,
メッセンジャーフロム全世界,メッセンジャーフロム全世界,140.8,2010-04-05,JET CO.,Album,JPTF01001001,a38fe47d-5835-4b40-b769-a8ed2d56e04d
"マジョリティ・リポート (darling, I love you)","マジョリティ・リポート（darling, I love you）",227.3,2016-07-06,Dr.Izzy,Album,JPTF01607805,bc109d8a-b458-4fed-8059-681411b67550
クローバー,クローバー,323.0,2019-10-11,Phantom Joke,Single,JPTF01913812,769e46ea-aa5f-4e17-a9f7-87889e448f8e
フィクションフリーククライシス,フィクションフリーククライシス,195.0,2018-01-24,MODE MOOD MODE,Album,JPTF01720806,1a075e1d-2098-4dda-95c8-b06af8f0a0e1
エアリアルエイリアン,エアリアルエイリアン,155.1,2016-07-06,Dr.Izzy,Album,JPTF01607801,1b0c916e-1370-40c9-ad2e-66018374c015
未完成デイジー,未完成デイジー,318.5,2011-07-06,Populus Populus,Album,JPTF01103609,8ca4deb3-bd4f-4ec3-bd75-dec1056210db
RUNNERS HIGH REPRISE,RUNNERS HIGH REPRISE,273.0,2017-11-15,fake town baby,Single,JPTF01714408,5b520469-27ee-4d2b-bb99-9cf0d6ec6d61
シューゲイザースピーカー,シューゲイザースピーカー,240.5,2014-08-27,Catcher In The Spy,Album,JPTF01410202,783f13ef-4824-406f-aa36-2d40fbd2c9cc
ノンフィクションコンパス,ノンフィクションコンパス,300.8,2013-11-06,桜のあと (all quartets lead to the?),Single,JPTF01312902,faf8275f-413e-4920-b8bc-5aad10a876c2
三月物語,三月物語,236.0,2014-02-05,Bee side Sea side 〜B‐Side Collection Album〜,Album,JPTF01319303,48cccac3-6968-4e4a-9385-d697b727af6a
ワールドワイド・スーパーガール,ワールドワイド・スーパーガール,240.9,2011-07-06,Populus Populus,Album,JPTF01103606,f80d487b-4e55-44ef-ab1a-90d40e113623
ミレニアムハッピー・チェーンソーエッヂ,ミレニアムハッピー・チェーンソーエッヂ,187.8,2023-04-12,Ninth Peel,Album,JPTF02305203,c8618459-c261-44f2-8cf3-42109989cffd
Own Civilization (nano-mile met),Own Civilization (nano‐mile met),170.0,2019-10-11,Phantom Joke,Single,JPTF01913801,9f663f9b-dec0-4d08-87c3-f7b1b4c9773b
フレーズボトル・バイバイ,フレーズボトル・バイバイ,157.1,2023-04-12,Ninth Peel,Album,JPTF02305209,041d736c-9b59-4edb-9d9d-bf492abedf0d
絵の具,絵の具,233.0,2018-02-14,イズミカワソラトリビュートアルバム 〜タイムカプセル〜,Album,JPTF01801112,5f217970-cd37-496c-a5b1-a54c9633a593
蒙昧termination,蒙昧termination,198.1,2014-08-27,Catcher In The Spy,Album,JPTF01410203,c9dbfc12-aedb-46b8-a7ea-96a488451dd1
水と雨について,水と雨について,284.0,2008-01-16,流星前夜,EP,JPB450701165,b028616f-9bfc-4377-8160-30d318559283
デイライ協奏楽団,デイライ協奏楽団,301.0,2017-08-09,"10% roll, 10% romance",Single,JPTF01709408,6e529b75-e70d-4743-8481-541b089b1f21
星追い達の祈り,星追い達の祈り,306.2,2024-07-24,"SUB MACHINE, BEST MACHINE",Album,JPTF02415301,c86618d0-89c2-444e-8596-f64de3e93499
5分後のスターダスト,5分後のスターダスト,266.0,2008-07-23,Sentimental Period,Single,JPTF00803202,9924662c-ed82-437e-a5b8-296edc09a3f3
サーチライト,サーチライト,366.0,2008-01-16,新世界ノート,EP,JPB450701160,a4daf449-1bef-4e78-9b01-9c6c8aab40cf
ライトフライト,ライトフライト,248.4,2006-04-19,バディスタ!! vol.1 -Do You Like Rock?-,Album,なし,587a5a9c-55a3-43e8-928b-8ffd9de0ad19
Miss.サンディ,Miss.サンディ,305.0,2013-02-06,CIDER ROAD,Album,JPTF01219508,887671cc-ce8d-478c-afb2-9aeefbb37a5e
黄昏インザスパイ,黄昏インザスパイ,282.3,2014-08-27,Catcher In The Spy,Album,JPTF01410210,ff28a918-85ac-413b-abe7-bdb3118fec8e
流れ星を撃ち落せ,流れ星を撃ち落せ,181.5,2014-08-27,Catcher In The Spy,Album,JPTF01410206,a833e425-bc74-4795-9bde-b2909420e4de
君が大人になってしまう前に,君が大人になってしまう前に,345.7,2014-08-27,Catcher In The Spy,Album,JPTF01410204,cdc47b63-54c5-4abc-9c07-7473986dccde
メカトル時空探検隊,メカトル時空探検隊,198.0,2018-11-07,"Catch up, latency",Single,JPTF01818002,1db79428-299a-4219-a1e3-4e39fac1ea95
instant EGOIST,instant EGOIST,229.0,2017-08-09,"10% roll, 10% romance",Single,JPTF01709405,f70dd955-8225-40e5-b00f-c2e4acdf6cfb
あまりに写実的な,あまりに写実的な,210.0,2023-09-27,Ikenai fool logic,Single,JPTF02318902,10169c7f-538e-46e2-898f-143862a34dc0
シグナルABC,シグナルABC,193.0,2015-05-20,Bee side Sea side 〜B‐Side Collection Album〜,Album,JPTF01506502,a15c30e4-7bce-4ed3-9e95-f0f3d080de08
オトナブルー,未発見,不明,不明,不明,不明,なし,
それじゃあバイバイ,未発見,不明,不明,不明,不明,なし,
強風オールバック,未発見,不明,不明,不明,不明,なし,
スノウリバース,スノウリバース,326.0,2009-01-28,マスターボリューム,Single,JPTF00810103,14690b04-c038-4d88-ab27-267dacf92ea0
ナノサイズスカイウォーク,ナノサイズスカイウォーク,207.0,2022-04-13,kaleido proud fiesta,Single,JPTF02204302,1f87dc9c-1aad-47c6-a31f-c6e5879820c4
Micro Paradiso!,Micro Paradiso!,225.0,2018-03-07,Bee side Sea side 〜B‐Side Collection Album〜,Album,JPTF01802303,96fc01ba-5ed5-43e8-b127-8afd9d3448b5
I wanna believe、夜を行く,I wanna believe、夜を行く,271.6,2014-02-05,harmonized finale,Single,JPTF01319304,0e3dd104-49db-4e7a-b501-666e07a1c16f
BUSTER DICE MISERY,BUSTER DICE MISERY,232.0,2017-11-15,fake town baby,Single,JPTF01714402,6c4eda18-e203-4ab4-9c92-7d120ef90b22
ここで会ったがけもの道,ここで会ったがけもの道,181.0,2018-11-07,Bee side Sea side 〜B‐Side Collection Album〜,Album,JPTF01817803,a465e3d7-b4aa-4120-99e2-4721c663fe83
きみのもとへ,きみのもとへ,298.0,2017-11-15,fake town baby,Single,JPTF01714405,e9468a95-02c0-48d0-b0f8-5c42e57279b2
夏影テールライト,夏影テールライト,263.9,2020-09-30,Patrick Vegee,Album,JPTF02011105,99ec73f6-badb-4ee7-853c-c2d9c71e8a71
夢が覚めたら(at that river),夢が覚めたら(at that river),256.0,2018-01-24,MODE MOOD MODE,Album,JPTF01720807,53ebc6c8-a7a9-4dc1-885e-def4dab70647
MIDNIGHT JUNGLE,MIDNIGHT JUNGLE,238.0,2019-10-11,Phantom Joke,Single,JPTF01913904,df2bc624-b629-4aab-bc7f-561c4f57d47a
お人好しカメレオン,お人好しカメレオン,313.0,2013-02-06,CIDER ROAD,Album,JPTF01219504,bff011fc-c084-4dce-b1e2-db1c9c3ddb50
チャイルドフッド・スーパーノヴァ,チャイルドフッド・スーパーノヴァ,199.5,2010-04-05,JET CO.,Album,JPTF01001003,463a0301-9179-4fed-ba67-4fa913d8f868
摂食ビジランテ,摂食ビジランテ,159.8,2020-09-30,Patrick Vegee,Album,JPTF02011104,266ddffb-f9b4-498b-ab2d-8ad1e7dae9e8
等身大の地球,等身大の地球,278.0,2019-10-11,Phantom Joke,Single,JPTF01913805,d4266d94-11f4-4e94-9fa7-8202f14dd155
cody beats,cody beats,235.7,2010-02-10,UNISON SQUARE GARDEN The 1st Collection for streaming,Album,JPTF00910701,775e60ed-3f04-449a-a000-2ef4f34d6b48
8月、昼中の流れ星と飛行機雲,8月、昼中の流れ星と飛行機雲,271.8,2016-07-06,Dr.Izzy,Album,JPTF01607808,e89e07cc-3dc3-4b5a-91a2-846891717a50
ラディアルナイトチェイサー,ラディアルナイトチェイサー,206.0,2018-03-07,Bee side Sea side 〜B‐Side Collection Album〜,Album,JPTF01802302,80dabffd-c976-4807-b10c-9c730776a254
"マイノリティ・レポート(darling, I love you)",未発見,不明,不明,不明,不明,なし,
CAPACITY超える,CAPACITY超える,206.7,2011-07-06,Populus Populus,Album,JPTF01103607,19899b24-e68f-477a-9fef-3dc56558096c
弥生町ロンリープラネット,弥生町ロンリープラネット,244.9,2020-09-30,Patrick Vegee,Album,JPTF02011107,49ea16ae-defb-4ce7-bcca-7ec1ada2aeb3
Introduction,未発見,不明,不明,不明,不明,なし,
夜が揺れている,夜が揺れている,179.2,2010-04-05,JET CO.,Album,JPTF01001008,d13e8b74-241a-4d3f-aef4-6e8fb44e46e1
オーケストラを観にいこう,オーケストラを観にいこう,274.0,2018-01-24,MODE MOOD MODE,Album,JPTF01720803,d7665713-71b2-4b1b-9b55-5d0e25a5ba42
ラブソングは突然に？ ～What is the name of that mystery??～,ラブソングは突然に 〜What is the name of that mystery？〜,236.0,2012-09-19,Bee side Sea side 〜B‐Side Collection Album〜,Album,JPTF01212904,b22fc5f9-83fb-4fc5-9e21-ad0c6ed43b40
カウンターアイデンティティ,カウンターアイデンティティ,248.9,2010-11-24,Populus Populus,Album,JPTF01008202,ab58a0b6-b06d-4fa1-8ae7-1ee83e259ef2
光のどけき春の日に,光のどけき春の日に,355.0,2013-02-06,CIDER ROAD,Album,JPTF01219505,1d74171a-a1cf-4023-b7ab-54e4d83d7ae1
クロスハート1号線 (Advantage in a long time),クロスハート1号線(advantage in a long time),313.0,2018-11-07,"Catch up, latency",Single,JPTF01817908,b810ee31-9130-4820-802f-24daf45ad5bf
流星行路,流星行路,288.0,2008-01-16,流星前夜,EP,JPB450701168,e1f806db-01ac-450a-9574-259a561ef309
セク×カラ×シソンズール,セク×カラ×シソンズール,285.7,2014-08-27,Catcher In The Spy,Album,JPTF01410304,699e5868-339f-4662-8c51-2276911c6c56
さよならサマータイムマシン,さよならサマータイムマシン,269.0,2012-07-25,流星のスコール,Single,JPTF01210802,41c7c29b-d8c8-4469-9341-42a079f9c9f4
overture ~Spring Spring Spring~,未発見,不明,不明,不明,不明,なし,
プロトラクト・カウントダウン,プロトラクト・カウントダウン,240.6,2011-07-06,Populus Populus,Album,JPTF01103603,514bf286-f87a-42b2-b94e-84ec185f48cb
空の飛び方,空の飛び方,253.0,2010-02-10,cody beats,Single,JPTF00910703,08c3050d-fdd5-4978-804a-ffd5a502f1d2
誰かが忘れているかもしれない僕らに大事な001のこと,誰かが忘れているかもしれない僕らに大事な001のこと,285.0,2012-07-25,流星のスコール,Single,JPTF01210803,cc9865a1-82e0-47bd-adf4-c83a6e60f1c2
メドレー (RIDE ON TIME～等),未発見,不明,不明,不明,不明,なし,
シュプレヒコール ～世界が終わる前に～,未発見,不明,不明,不明,不明,なし,
アイラブニユー,未発見,不明,不明,不明,不明,なし,
meet the world time,meet the world time,203.2,2010-04-05,JET CO.,Album,JPTF01001007,865ffdc8-0865-43a2-9d85-d8c6ef2ffd6f
コーヒーカップ・シンドローム,未発見,不明,不明,不明,不明,なし,
キライ＝キライ,キライ=キライ,不明,2015-07-22,DUGOUT ACCIDENT,Album,なし,71e3db98-18a3-4170-b70a-1f8008a37438
ぼくたちのしっぱい,ぼくたちのしっぱい,226.0,2019-10-11,Phantom Joke,Single,JPTF01913702,058bace3-6780-4b33-8c25-9c4e32ff9b96
インタビュー,未発見,不明,不明,不明,不明,なし,
MC / トークコーナー,未発見,不明,不明,不明,不明,なし,
ピストルギャラクシー,ピストルギャラクシー,241.0,2014-02-05,Bee side Sea side 〜B‐Side Collection Album〜,Album,JPTF01319302,ed6a7fc8-b1cb-4b83-9e47-d068ab57d249
リトルタイムストップ,リトルタイムストップ,258.0,2017-11-15,Bee side Sea side 〜B‐Side Collection Album〜,Album,JPTF01714302,1a43ab1c-b419-44e3-b953-f39215df954f
flat song,flat song,245.0,2017-08-09,Bee side Sea side 〜B‐Side Collection Album〜,Album,JPTF01709303,82aa2366-134e-4b50-acbd-27384d772fce
三日月の夜の真ん中,三日月の夜の真ん中,273.2,2012-09-19,リニアブルーを聴きながら,Single,JPTF01212903,1a8a7da5-8ce7-4430-8df9-ce0d073ff5d6
ギャクテンサヨナラ,ギャクテンサヨナラ,248.0,2010-02-10,cody beats,Single,JPTF00910702,8fe317c3-b80e-46d1-827d-0140e45d06d7
僕は君になりたい,僕は君になりたい,267.4,2011-05-11,オリオンをなぞる,Single,JPTF01102902,590db235-db80-46a9-9d87-34e91cbc0ab0
スノウループ,スノウループ,266.0,2017-11-08,Bee side Sea side 〜B‐Side Collection Album〜,Album,JPTF01714102,e6ba8af7-e9a2-4cbe-94c1-217c246161a2
たらればわたがし,たらればわたがし,210.0,2018-11-07,Bee side Sea side 〜B‐Side Collection Album〜,Album,JPTF01817802,9b8ad0cd-3a04-4918-83c4-86c4e96a9650
きみはいい子,きみはいい子,293.0,2017-11-15,Bee side Sea side 〜B‐Side Collection Album〜,Album,JPTF01714303,543139f7-6cb9-448f-9c06-2bb453d951cc
UNOストーリー,UNOストーリー,259.5,2011-05-11,オリオンをなぞる,Single,JPTF01102903,71fdc57e-4dc7-4221-aab7-326b134efb1a
サイボーグ99%,サイボーグ99%,251.0,2018-02-14,イズミカワソラトリビュートアルバム 〜タイムカプセル〜,Album,JPTF01801101,b534b05e-2524-4a59-8669-a2b000a2e789
かくれんぼ,未発見,不明,不明,不明,不明,なし,
5%,5分後のスターダスト,266.0,2008-07-23,Sentimental Period,Single,JPTF00803202,9924662c-ed82-437e-a5b8-296edc09a3f3
しおり,未発見,不明,不明,不明,不明,なし,
Diver's High,未発見,不明,不明,不明,不明,なし,
Snatchaway,未発見,不明,不明,不明,不明,なし,
新しい光,未発見,不明,不明,不明,不明,なし,
Black Market Blues,未発見,不明,不明,不明,不明,なし,
SHORT CUTTER!,未発見,不明,不明,不明,不明,なし,
S.S,未発見,不明,不明,不明,不明,なし,
シガル,未発見,不明,不明,不明,不明,なし,
涙がこぼれたら,未発見,不明,不明,不明,不明,なし,
RUNNERS HIGH,RUNNERS HIGH REPRISE,273.0,2017-11-15,fake town baby,Single,JPTF01714408,5b520469-27ee-4d2b-bb99-9cf0d6ec6d61
Paradise Has No Border,未発見,不明,不明,不明,不明,なし,
愛があるかい？,愛があるかい?,225.0,2019-03-13,東京スカパラダイスオーケストラトリビュート集 楽園十三景,Album,JPB601900700,0cce8781-62cb-4171-a4c1-992d778f2652
Rising Hope,未発見,不明,不明,不明,不明,なし,
一人思うは雨の中,一人思うは雨の中,298.0,2009-01-28,マスターボリューム,Single,JPTF00810102,b6b25027-b839-4c1a-a6d7-60226328f628
東京シナリオ,東京シナリオ,281.0,2015-05-20,Bee side Sea side 〜B‐Side Collection Album〜,Album,JPTF01506503,7f0980ff-7612-4a9c-b894-d48008836228
僕らのその先,僕らのその先,354.0,2018-11-07,"Catch up, latency",Single,JPTF01818004,21e356b2-0c7c-4415-a3f1-77597da39ccc
スノウアンサー,スノウアンサー,235.0,2010-04-05,JET CO.,Album,JPTF01001010,bcce6236-e0f2-4b45-a151-cf4b7cf9b3ca
カウントダウン,プロトラクト・カウントダウン,235.0,2017-08-09,"10% roll, 10% romance",Single,JPTF01709404,5977872b-e2d8-4ab7-ab56-48432967842d
Fool on the planet,Fool on the planet,283.0,2014-02-16,ROCK AND SYMPATHY -tribute to the pillows-,Album,JPTF01319701,ecc5485b-e9de-4e41-8fc9-6ea7e905b9e0
HANABI,未発見,不明,不明,不明,不明,なし,
1/6の夢旅人2002,未発見,不明,不明,不明,不明,なし,
Why I'm Me,未発見,不明,不明,不明,不明,なし,
夕凪アンサンブル,夕凪、アンサンブル,395.0,2016-07-06,Dr.Izzy,Album,JPTF01608002,afd7d6a8-2293-46cd-bb03-13cebe5ad600
流星前夜,流星前夜,98.0,2008-01-16,流星前夜,EP,JPB450701163,be696bb9-51c2-4e03-91d0-70f6c9ee7668
気まぐれ雑踏,未発見,不明,不明,不明,不明,なし,
Stay Mellow,未発見,不明,不明,不明,不明,なし,
bad music disco,bad music disco,227.6,2024-07-24,"SUB MACHINE, BEST MACHINE",Album,JPTF02415310,68226e80-1fc8-4db8-b319-f4634dde9b5e
マカロニ,未発見,不明,不明,不明,不明,なし,
透明人間,未発見,不明,不明,不明,不明,なし,
First Love,未発見,不明,不明,不明,不明,なし,
2月、白昼の流れ星と飛行機雲,2月、白昼の流れ星と飛行機雲,255.0,2008-01-16,流星前夜,EP,JPB450701166,e7497808-41dd-4a4d-b345-b4ec7181a948
アイラブニージュー,アイラブニージュー,205.9,2010-04-05,JET CO.,Album,JPTF01001009,120570ef-2bcc-4c86-9e12-91ff339f478b
愛はきっと,愛はきっと,200.8,2024-07-24,"SUB MACHINE, BEST MACHINE",Album,JPTF02415308,63e081c5-ab19-4333-8d6f-2e7fe6ed820f
情熱サティスファクション,未発見,不明,不明,不明,不明,なし,
Alone,未発見,不明,不明,不明,不明,なし,
真夏の光線、少年時代の面影,未発見,不明,不明,不明,不明,なし,
TOKYO,未発見,不明,不明,不明,不明,なし,
FISH INN,未発見,不明,不明,不明,不明,なし,
